{
    "networkTableName": "MergeVisionPipelineAprilTag23",
    "networkTableReadName": "MergeVisionPipelineTape21",
    "Driver": false,
    "Tape": false,
    "AprilTag": true,
    "Intake": false,
    "OutputStream": "2706AprilTag",
    "ExposureTape": 40,
    "ExposureIntake": 100,
    "ExposureAprilTag": 100,
    "CameraFOV": 68.5,
    "CameraTiltAngle": 35,
    "OverlayScaleFactor": 0.2,
    "OutputStreamWidth": 320,
    "OutputStreamHeight": 180,
    "CameraRotation": false
}

